url,kind,source,generated,live_status,inbound_internal_links,sitemap_before_fix,sitemap_after_fix,robots_meta,declared_canonical,title,description,gsc_coverage,gsc_verdict,gsc_robots_state,gsc_page_fetch,gsc_last_crawl,gsc_google_canonical,gsc_user_canonical,gsc_referring_urls,gsc_sitemaps,gsc_impressions,gsc_clicks,gsc_position,classification,issues
https://thedead91.github.io/,home,theme/generated,yes,200,16,yes,yes,,https://thedead91.github.io/,TheDead91,"Write-ups and solutions for the SANS Holiday Hack Challenge, covering web, network, cloud, mobile and hardware challenges.",Crawled - currently not indexed,NEUTRAL,ALLOWED,SUCCESSFUL,2026-06-11T11:21:17Z,https://thedead91.github.io/,https://thedead91.github.io/,,,165,1,5.03030303030303,indexable,crawled but not indexed
https://thedead91.github.io/404.html,error-document,theme/generated,yes,200,0,no,no,"noindex, follow",https://thedead91.github.io/404.html,404: Page not found | TheDead91,"The page you asked for does not exist on this site. Use the archive, the category list or the tag list to find the SANS Holiday Hack Challenge write-up you are looking for.",URL is unknown to Google,NEUTRAL,ROBOTS_TXT_STATE_UNSPECIFIED,PAGE_FETCH_STATE_UNSPECIFIED,,,,,,,,,"error document, noindex",not discovered by Google; no impressions
https://thedead91.github.io/about/,static-page,tab file,yes,200,0,yes,yes,,https://thedead91.github.io/about/,thedead@maccos ~ % whoami | TheDead91,Andrea Lamonato Head of Security Architectures,URL is unknown to Google,NEUTRAL,ROBOTS_TXT_STATE_UNSPECIFIED,PAGE_FETCH_STATE_UNSPECIFIED,,,,,,,,,indexable,not discovered by Google; no impressions
https://thedead91.github.io/archives/,static-page,tab file,yes,200,0,yes,yes,,https://thedead91.github.io/archives/,Archives | TheDead91,"Every SANS Holiday Hack Challenge write-up on this site in reverse chronological order, by year.",Crawled - currently not indexed,NEUTRAL,ALLOWED,SUCCESSFUL,2026-06-07T17:36:39Z,https://thedead91.github.io/archives/,https://thedead91.github.io/archives/,,,19,0,5.7368421052631575,indexable,crawled but not indexed
https://thedead91.github.io/categories/,taxonomy-index,tab file,yes,200,0,yes,yes,,https://thedead91.github.io/categories/,Categories | TheDead91,"All SANS Holiday Hack Challenge write-ups on this site, grouped by year and by act of the challenge.",Crawled - currently not indexed,NEUTRAL,ALLOWED,SUCCESSFUL,2026-09-17T22:21:44Z,https://thedead91.github.io/categories/,https://thedead91.github.io/categories/,,,4,0,2.5,indexable,crawled but not indexed
https://thedead91.github.io/categories/sans-holiday-hack-challenge-2023/,category-archive,generated (jekyll-archives),yes,200,27,yes,yes,,https://thedead91.github.io/categories/sans-holiday-hack-challenge-2023/,SANS Holiday Hack Challenge 2023 | TheDead91,All 26 write-ups in SANS Holiday Hack Challenge 2023 from the SANS Holiday Hack Challenge series.,URL is unknown to Google,NEUTRAL,ROBOTS_TXT_STATE_UNSPECIFIED,PAGE_FETCH_STATE_UNSPECIFIED,,,,,,,,,indexable,not discovered by Google; no impressions
https://thedead91.github.io/categories/sans-holiday-hack-challenge-2024-act-1/,category-archive,generated (jekyll-archives),yes,200,5,yes,yes,,https://thedead91.github.io/categories/sans-holiday-hack-challenge-2024-act-1/,SANS Holiday Hack Challenge 2024 - Act 1 | TheDead91,All 4 write-ups in SANS Holiday Hack Challenge 2024 - Act 1 from the SANS Holiday Hack Challenge series.,,,,,,,,,,,,,indexable,no impressions
https://thedead91.github.io/categories/sans-holiday-hack-challenge-2024-act-2/,category-archive,generated (jekyll-archives),yes,200,6,yes,yes,,https://thedead91.github.io/categories/sans-holiday-hack-challenge-2024-act-2/,SANS Holiday Hack Challenge 2024 - Act 2 | TheDead91,All 5 write-ups in SANS Holiday Hack Challenge 2024 - Act 2 from the SANS Holiday Hack Challenge series.,,,,,,,,,,,,,indexable,no impressions
https://thedead91.github.io/categories/sans-holiday-hack-challenge-2024-act-3/,category-archive,generated (jekyll-archives),yes,200,8,yes,yes,,https://thedead91.github.io/categories/sans-holiday-hack-challenge-2024-act-3/,SANS Holiday Hack Challenge 2024 - Act 3 | TheDead91,All 7 write-ups in SANS Holiday Hack Challenge 2024 - Act 3 from the SANS Holiday Hack Challenge series.,,,,,,,,,,,,,indexable,no impressions
https://thedead91.github.io/categories/sans-holiday-hack-challenge-2024-prologue/,category-archive,generated (jekyll-archives),yes,200,4,yes,yes,,https://thedead91.github.io/categories/sans-holiday-hack-challenge-2024-prologue/,SANS Holiday Hack Challenge 2024 - Prologue | TheDead91,All 3 write-ups in SANS Holiday Hack Challenge 2024 - Prologue from the SANS Holiday Hack Challenge series.,,,,,,,,,,,,,indexable,no impressions
https://thedead91.github.io/categories/sans-holiday-hack-challenge-2024/,category-archive,generated (jekyll-archives),yes,200,22,yes,yes,,https://thedead91.github.io/categories/sans-holiday-hack-challenge-2024/,SANS Holiday Hack Challenge 2024 | TheDead91,All 21 write-ups in SANS Holiday Hack Challenge 2024 from the SANS Holiday Hack Challenge series.,,,,,,,,,,,,,indexable,no impressions
https://thedead91.github.io/categories/sans-holiday-hack-challenge-2025-act-i/,category-archive,generated (jekyll-archives),yes,200,12,yes,yes,,https://thedead91.github.io/categories/sans-holiday-hack-challenge-2025-act-i/,SANS Holiday Hack Challenge 2025 - Act I | TheDead91,All 11 write-ups in SANS Holiday Hack Challenge 2025 - Act I from the SANS Holiday Hack Challenge series.,,,,,,,,,,,,,indexable,no impressions
https://thedead91.github.io/categories/sans-holiday-hack-challenge-2025-act-ii/,category-archive,generated (jekyll-archives),yes,200,8,yes,yes,,https://thedead91.github.io/categories/sans-holiday-hack-challenge-2025-act-ii/,SANS Holiday Hack Challenge 2025 - Act II | TheDead91,All 7 write-ups in SANS Holiday Hack Challenge 2025 - Act II from the SANS Holiday Hack Challenge series.,,,,,,,,,,,,,indexable,no impressions
https://thedead91.github.io/categories/sans-holiday-hack-challenge-2025-act-iii/,category-archive,generated (jekyll-archives),yes,200,8,yes,yes,,https://thedead91.github.io/categories/sans-holiday-hack-challenge-2025-act-iii/,SANS Holiday Hack Challenge 2025 - Act III | TheDead91,All 7 write-ups in SANS Holiday Hack Challenge 2025 - Act III from the SANS Holiday Hack Challenge series.,,,,,,,,,,,,,indexable,no impressions
https://thedead91.github.io/categories/sans-holiday-hack-challenge-2025-act-iv-final/,category-archive,generated (jekyll-archives),yes,200,2,yes,yes,,https://thedead91.github.io/categories/sans-holiday-hack-challenge-2025-act-iv-final/,SANS Holiday Hack Challenge 2025 - Act IV (Final) | TheDead91,All 1 write-up in SANS Holiday Hack Challenge 2025 - Act IV (Final) from the SANS Holiday Hack Challenge series.,,,,,,,,,,,,,indexable,no impressions
https://thedead91.github.io/categories/sans-holiday-hack-challenge-2025/,category-archive,generated (jekyll-archives),yes,200,27,yes,yes,,https://thedead91.github.io/categories/sans-holiday-hack-challenge-2025/,SANS Holiday Hack Challenge 2025 | TheDead91,All 26 write-ups in SANS Holiday Hack Challenge 2025 from the SANS Holiday Hack Challenge series.,URL is unknown to Google,NEUTRAL,ROBOTS_TXT_STATE_UNSPECIFIED,PAGE_FETCH_STATE_UNSPECIFIED,,,,,,,,,indexable,not discovered by Google; no impressions
https://thedead91.github.io/google18a85a9229001990.html,other,theme/generated,yes,200,0,yes,no,,,,,URL is unknown to Google,NEUTRAL,ROBOTS_TXT_STATE_UNSPECIFIED,PAGE_FETCH_STATE_UNSPECIFIED,,,,,,,,,REMOVED from sitemap (was a navigational duplicate),not discovered by Google; no impressions
https://thedead91.github.io/page2/,pagination,generated (jekyll-paginate),yes,200,0,yes,no,,https://thedead91.github.io/page2/,Page 2 of 8 | TheDead91,Page 2 of 8 of the TheDead91 archive: older SANS Holiday Hack Challenge write-ups down to January 2026.,URL is unknown to Google,NEUTRAL,ROBOTS_TXT_STATE_UNSPECIFIED,PAGE_FETCH_STATE_UNSPECIFIED,,,,,,,,,REMOVED from sitemap (was a navigational duplicate),not discovered by Google; no impressions
https://thedead91.github.io/page3/,pagination,generated (jekyll-paginate),yes,200,0,yes,no,,https://thedead91.github.io/page3/,Page 3 of 8 | TheDead91,Page 3 of 8 of the TheDead91 archive: older SANS Holiday Hack Challenge write-ups down to January 2025.,,,,,,,,,,,,,REMOVED from sitemap (was a navigational duplicate),no impressions
https://thedead91.github.io/page4/,pagination,generated (jekyll-paginate),yes,200,0,yes,no,,https://thedead91.github.io/page4/,Page 4 of 8 | TheDead91,Page 4 of 8 of the TheDead91 archive: older SANS Holiday Hack Challenge write-ups down to December 2024.,,,,,,,,,,,,,REMOVED from sitemap (was a navigational duplicate),no impressions
https://thedead91.github.io/page5/,pagination,generated (jekyll-paginate),yes,200,0,yes,no,,https://thedead91.github.io/page5/,Page 5 of 8 | TheDead91,Page 5 of 8 of the TheDead91 archive: older SANS Holiday Hack Challenge write-ups down to December 2023.,,,,,,,,,,,,,REMOVED from sitemap (was a navigational duplicate),no impressions
https://thedead91.github.io/page6/,pagination,generated (jekyll-paginate),yes,200,0,yes,no,,https://thedead91.github.io/page6/,Page 6 of 8 | TheDead91,Page 6 of 8 of the TheDead91 archive: older SANS Holiday Hack Challenge write-ups down to December 2023.,,,,,,,,,,,,,REMOVED from sitemap (was a navigational duplicate),no impressions
https://thedead91.github.io/page7/,pagination,generated (jekyll-paginate),yes,200,0,yes,no,,https://thedead91.github.io/page7/,Page 7 of 8 | TheDead91,Page 7 of 8 of the TheDead91 archive: older SANS Holiday Hack Challenge write-ups down to December 2023.,,,,,,,,,,,,,REMOVED from sitemap (was a navigational duplicate),no impressions
https://thedead91.github.io/page8/,pagination,generated (jekyll-paginate),yes,200,0,yes,no,,https://thedead91.github.io/page8/,Page 8 of 8 | TheDead91,Page 8 of 8 of the TheDead91 archive: older SANS Holiday Hack Challenge write-ups down to December 2023.,URL is unknown to Google,NEUTRAL,ROBOTS_TXT_STATE_UNSPECIFIED,PAGE_FETCH_STATE_UNSPECIFIED,,,,,,,,,REMOVED from sitemap (was a navigational duplicate),not discovered by Google; no impressions
https://thedead91.github.io/posts/2023-01-Holiday-Hack-Orientation/,post,post file,yes,200,9,yes,yes,,https://thedead91.github.io/posts/2023-01-Holiday-Hack-Orientation/,Holiday Hack Orientation | TheDead91,Talk to Jingle Ringford on Christmas Island and get your bearings at Geese Islands,URL is unknown to Google,NEUTRAL,ROBOTS_TXT_STATE_UNSPECIFIED,PAGE_FETCH_STATE_UNSPECIFIED,,,,,,,,,"content, indexable",not discovered by Google; no impressions
https://thedead91.github.io/posts/2023-02-Snowball-Fight/,post,post file,yes,200,9,yes,yes,,https://thedead91.github.io/posts/2023-02-Snowball-Fight/,Snowball Fight | TheDead91,Visit Christmas Island and talk to Morcel Nougat about this great new game. Team up with another player and show Morcel how to win against Santa!,,,,,,,,,,,,,"content, indexable",no impressions
https://thedead91.github.io/posts/2023-03-Linux-101/,post,theme/generated,yes,200,9,yes,yes,,https://thedead91.github.io/posts/2023-03-Linux-101/,Linux 101 | TheDead91,Visit Ginger Breddie in Santa’s Shack on Christmas Island to help him with some basic Linux tasks. It’s in the southwest corner of Frosty’s Beach.,,,,,,,,,,,,,"content, indexable",no impressions
https://thedead91.github.io/posts/2023-04-Reportinator/,post,post file,yes,200,9,yes,yes,,https://thedead91.github.io/posts/2023-04-Reportinator/,Reportinator | TheDead91,Noel Boetie used ChatNPT to write a pentest report. Go to Christmas Island and help him clean it up.,,,,,,,,,,,,,"content, indexable",no impressions
https://thedead91.github.io/posts/2023-05-Azure-101/,post,post file,yes,200,9,yes,yes,,https://thedead91.github.io/posts/2023-05-Azure-101/,Azure 101 | TheDead91,Help Sparkle Redberry with some Azure command line skills. Find the elf and the terminal on Christmas Island.,,,,,,,,,,,,,"content, indexable",no impressions
https://thedead91.github.io/posts/2023-06-Luggage-Lock/,post,post file,yes,200,9,yes,yes,,https://thedead91.github.io/posts/2023-06-Luggage-Lock/,Luggage Lock | TheDead91,Help Garland Candlesticks on the Island of Misfit Toys get back into his luggage by finding the correct position for all four dials.,,,,,,,,,,,,,"content, indexable",no impressions
https://thedead91.github.io/posts/2023-07-Linux-PrivEsc/,post,post file,yes,200,9,yes,yes,,https://thedead91.github.io/posts/2023-07-Linux-PrivEsc/,Linux PrivEsc | TheDead91,Rosemold is in Ostrich Saloon on the Island of Misfit Toys. Give her a hand with escalation for a tip about hidden islands.,,,,,,,,,,,,,"content, indexable",no impressions
https://thedead91.github.io/posts/2023-08-Faster-Lock-Combination/,post,post file,yes,200,9,yes,yes,,https://thedead91.github.io/posts/2023-08-Faster-Lock-Combination/,Faster Lock Combination | TheDead91,"Over on Steampunk Island, Bow Ninecandle is having trouble opening a padlock. Do some research and see if you can help open it!",,,,,,,,,,,,,"content, indexable",no impressions
https://thedead91.github.io/posts/2023-09-Game-Cartridges-Vol-1/,post,post file,yes,200,10,yes,yes,,https://thedead91.github.io/posts/2023-09-Game-Cartridges-Vol-1/,Game Cartridges: Vol 1 | TheDead91,Find the first Gamegosling cartridge and beat the game,,,,,,,,,,,,,"content, indexable",no impressions
https://thedead91.github.io/posts/2023-10-Game-Cartridges-Vol-2/,post,post file,yes,200,10,yes,yes,,https://thedead91.github.io/posts/2023-10-Game-Cartridges-Vol-2/,Game Cartridges: Vol 2 | TheDead91,Find the second Gamegosling cartridge and beat the game,,,,,,,,,,,,,"content, indexable",no impressions
https://thedead91.github.io/posts/2023-11-Game-Cartridges-Vol-3/,post,post file,yes,200,10,yes,yes,,https://thedead91.github.io/posts/2023-11-Game-Cartridges-Vol-3/,Game Cartridges: Vol 3 | TheDead91,Find the third Gamegosling cartridge and beat the game,,,,,,,,,,,,,"content, indexable",no impressions
https://thedead91.github.io/posts/2023-12-Na-an/,post,post file,yes,200,9,yes,yes,,https://thedead91.github.io/posts/2023-12-Na-an/,Na'an | TheDead91,Shifty McShuffles is hustling cards on Film Noir Island. Outwit that meddling elf and win!,,,,,,,,,,,,,"content, indexable",no impressions
https://thedead91.github.io/posts/2023-13-KQL-Kraken-Hunt/,post,post file,yes,200,9,yes,yes,,https://thedead91.github.io/posts/2023-13-KQL-Kraken-Hunt/,KQL Kraken Hunt | TheDead91,Use Azure Data Explorer to uncover misdeeds in Santa’s IT enterprise. Go to Film Noir Island and talk to Tangle Coalbox for more information.,,,,,,,,,,,,,"content, indexable",no impressions
https://thedead91.github.io/posts/2023-14-Phish-Detection-Agency/,post,post file,yes,200,9,yes,yes,,https://thedead91.github.io/posts/2023-14-Phish-Detection-Agency/,Phish Detection Agency | TheDead91,Fitzy Shortstack on Film Noir Island needs help battling dastardly phishers. Help sort the good from the bad!,,,,,,,,,,,,,"content, indexable",no impressions
https://thedead91.github.io/posts/2023-15-Hashcat/,post,post file,yes,200,9,yes,yes,,https://thedead91.github.io/posts/2023-15-Hashcat/,Hashcat | TheDead91,Eve Snowshoes is trying to recover a password. Head to the Island of Misfit Toys and take a crack at it!,,,,,,,,,,,,,"content, indexable",no impressions
https://thedead91.github.io/posts/2023-16-Elf-Hunt/,post,post file,yes,200,9,yes,yes,,https://thedead91.github.io/posts/2023-16-Elf-Hunt/,Elf Hunt | TheDead91,Piney Sappington needs a lesson in JSON web tokens. Hack Elf Hunt and score 75 points.,,,,,,,,,,,,,"content, indexable",no impressions
https://thedead91.github.io/posts/2023-17-Certificate-SSHenanigans/,post,post file,yes,200,9,yes,yes,,https://thedead91.github.io/posts/2023-17-Certificate-SSHenanigans/,Certificate SSHenanigans | TheDead91,Go to Pixel Island and review Alabaster Snowball’s new SSH certificate configuration and Azure Function App. What type of cookie cache is Alabaster planning to implement?,,,,,,,,,,,,,"content, indexable",no impressions
https://thedead91.github.io/posts/2023-18-The-Captain-s-Comms/,post,post file,yes,200,9,yes,yes,,https://thedead91.github.io/posts/2023-18-The-Captain-s-Comms/,The Captain's Comms | TheDead91,Speak with Chimney Scissorsticks on Steampunk Island about the interesting things the captain is hearing on his new Software Defined Radio. You’ll need to assume the GeeseIslandsSuperChiefCommunicationsOfficer role.,,,,,,,,,,,,,"content, indexable",no impressions
https://thedead91.github.io/posts/2023-19-Active-Directory/,post,post file,yes,200,9,yes,yes,,https://thedead91.github.io/posts/2023-19-Active-Directory/,Active Directory | TheDead91,Go to Steampunk Island and help Ribb Bonbowford audit the Azure AD environment. What’s the name of the secret file in the inaccessible folder on the FileShare?,,,,,,,,,,,,,"content, indexable",no impressions
https://thedead91.github.io/posts/2023-20-Space-Island-Door-Access-Speaker/,post,post file,yes,200,9,yes,yes,,https://thedead91.github.io/posts/2023-20-Space-Island-Door-Access-Speaker/,Space Island Door Access Speaker | TheDead91,There’s a door that needs opening on Space Island! Talk to Jewel Loggins there for more information.,,,,,,,,,,,,,"content, indexable",no impressions
https://thedead91.github.io/posts/2023-21-Camera-Access/,post,post file,yes,200,9,yes,yes,,https://thedead91.github.io/posts/2023-21-Camera-Access/,Camera Access | TheDead91,Gain access to Jack’s camera. What’s the third item on Jack’s TODO list?,,,,,,,,,,,,,"content, indexable",no impressions
https://thedead91.github.io/posts/2023-22-Missile-Diversion/,post,post file,yes,200,8,yes,yes,,https://thedead91.github.io/posts/2023-22-Missile-Diversion/,Missile Diversion | TheDead91,Thwart Jack’s evil plan by re-aiming his missile at the Sun.,,,,,,,,,,,,,"content, indexable",no impressions
https://thedead91.github.io/posts/2023-23-BONUS-Fishing-Guide/,post,post file,yes,200,9,yes,yes,,https://thedead91.github.io/posts/2023-23-BONUS-Fishing-Guide/,BONUS! Fishing Guide | TheDead91,"Catch twenty different species of fish that live around Geese Islands. When you’re done, report your findings to Poinsettia McMittens on the Island of Misfit Toys.",,,,,,,,,,,,,"content, indexable",no impressions
https://thedead91.github.io/posts/2023-24-BONUS-Fishing-Mastery/,post,post file,yes,200,9,yes,yes,,https://thedead91.github.io/posts/2023-24-BONUS-Fishing-Mastery/,BONUS! Fishing Mastery | TheDead91,"Catch at least one of each species of fish that live around Geese islands. When you’re done, report your findings to Poinsettia McMittens.",,,,,,,,,,,,,"content, indexable",no impressions
https://thedead91.github.io/posts/2023-25-Conclusions/,post,post file,yes,200,8,yes,yes,,https://thedead91.github.io/posts/2023-25-Conclusions/,Conclusions | TheDead91,"Conclusions Hey folks, nice seeing you again! This is like the 5th year in a row, it starts to become a habit. Thanks for this year’s challenge: Jack is back! Obviously AI was used along the whole thing, to write code and especially to FORMAT IT - such a time saver! 🙂 Those GB challenges were NICE and coincidentally I just recently started playing Pokemon Black with the Lemuroid emulator, I don’t think I’ll play anything similar to a GameBoy for a while now 🙂 And KUDOS for the again for the effort, I would have never expected lockpicking or…",URL is unknown to Google,NEUTRAL,ROBOTS_TXT_STATE_UNSPECIFIED,PAGE_FETCH_STATE_UNSPECIFIED,,,,,,,,,"content, indexable",not discovered by Google; no impressions
https://thedead91.github.io/posts/2023-26-Super-Honorable-Mention/,post,post file,yes,200,8,yes,yes,,https://thedead91.github.io/posts/2023-26-Super-Honorable-Mention/,Super Honorable Mention | TheDead91,"Super Honorable Mention I got myself a Super Honorable Mention submitting the writeup for this challenge, thank you guys!",,,,,,,,,,,,,"content, indexable",no impressions
https://thedead91.github.io/posts/2024-01-Holiday-Hack-Orientation/,post,post file,yes,200,12,yes,yes,,https://thedead91.github.io/posts/2024-01-Holiday-Hack-Orientation/,Holiday Hack Orientation | TheDead91,Talk to Jingle Ringford on Christmas Island and get your bearings at Geese Islands,,,,,,,,,,,,,"content, indexable",no impressions
https://thedead91.github.io/posts/2024-02-Elf-Connect/,post,post file,yes,200,12,yes,yes,,https://thedead91.github.io/posts/2024-02-Elf-Connect/,Elf Connect | TheDead91,Help Angel Candysalt connect the dots in a game of connections.,,,,,,,,,,,,,"content, indexable",no impressions
https://thedead91.github.io/posts/2024-03-Elf-Minder-9000/,post,post file,yes,200,12,yes,yes,,https://thedead91.github.io/posts/2024-03-Elf-Minder-9000/,Elf Minder 9000 | TheDead91,Assist Poinsettia McMittens with playing a game of Elf Minder 9000.,,,,,,,,,,,,,"content, indexable",no impressions
https://thedead91.github.io/posts/2024-04-Frosty-Keypad/,post,post file,yes,200,12,yes,yes,,https://thedead91.github.io/posts/2024-04-Frosty-Keypad/,Frosty Keypad | TheDead91,"In a swirl of shredded paper, lies the key. Can you unlock the shredder’s code and uncover Santa’s lost secrets?",URL is unknown to Google,NEUTRAL,ROBOTS_TXT_STATE_UNSPECIFIED,PAGE_FETCH_STATE_UNSPECIFIED,,,,,,,,,"content, indexable",not discovered by Google; no impressions
https://thedead91.github.io/posts/2024-05-cURLing/,post,post file,yes,200,12,yes,yes,,https://thedead91.github.io/posts/2024-05-cURLing/,cURLing | TheDead91,"Team up with Bow Ninecandle to send web requests from the command line using Curl, learning how to interact directly with web servers and retrieve information like a pro!",,,,,,,,,,,,,"content, indexable",no impressions
https://thedead91.github.io/posts/2024-06-01-Hardware-Hacking-101-Part-1/,post,post file,yes,200,14,yes,yes,,https://thedead91.github.io/posts/2024-06-01-Hardware-Hacking-101-Part-1/,Hardware Hacking 101 - Part 1 | TheDead91,Jingle all the wires and connect to Santa’s Little Helper to reveal the merry secrets locked in his chest!,,,,,,,,,,,,,"content, indexable",no impressions
https://thedead91.github.io/posts/2024-06-02-Hardware-Hacking-101-Part-2/,post,post file,yes,200,13,yes,yes,,https://thedead91.github.io/posts/2024-06-02-Hardware-Hacking-101-Part-2/,Hardware Hacking 101 - Part 2 | TheDead91,"Santa’s gone missing, and the only way to track him is by accessing the Wish List in his chest-modify the access_cards database to gain entry!",,,,,,,,,,,,,"content, indexable",no impressions
https://thedead91.github.io/posts/2024-07-Mobile-Analysis/,post,post file,yes,200,12,yes,yes,,https://thedead91.github.io/posts/2024-07-Mobile-Analysis/,Mobile Analysis | TheDead91,Help find who has been left out of the naughty AND nice list this Christmas. Please speak with Eve Snowshoes for more information.,,,,,,,,,,,,,"content, indexable",no impressions
https://thedead91.github.io/posts/2024-08-Drone-Path/,post,post file,yes,200,12,yes,yes,,https://thedead91.github.io/posts/2024-08-Drone-Path/,Drone Path | TheDead91,"Help the elf defecting from Team Wombley get invaluable, top secret intel to Team Alabaster. Find Chimney Scissorsticks, who is hiding inside the DMZ.",,,,,,,,,,,,,"content, indexable",no impressions
https://thedead91.github.io/posts/2024-09-PowerShell/,post,post file,yes,200,12,yes,yes,,https://thedead91.github.io/posts/2024-09-PowerShell/,PowerShell | TheDead91,"Team Wombley is developing snow weapons in preparation for conflict, but they’ve been locked out by their own defenses. Help Piney with regaining access to the weapon operations terminal.",,,,,,,,,,,,,"content, indexable",no impressions
https://thedead91.github.io/posts/2024-10-Snowball-Showdown/,post,post file,yes,200,12,yes,yes,,https://thedead91.github.io/posts/2024-10-Snowball-Showdown/,Snowball Showdown | TheDead91,Wombley has recruited many elves to his side for the great snowball fight we are about to wage. Please help us defeat him by hitting him with more snowballs than he does to us.,,,,,,,,,,,,,"content, indexable",no impressions
https://thedead91.github.io/posts/2024-11-Microsoft-KC7/,post,post file,yes,200,12,yes,yes,,https://thedead91.github.io/posts/2024-11-Microsoft-KC7/,Microsoft KC7 | TheDead91,"Answer two sections for silver, all four sections for gold.",,,,,,,,,,,,,"content, indexable",no impressions
https://thedead91.github.io/posts/2024-12-01-Santa-Vision-A/,post,post file,yes,200,13,yes,yes,,https://thedead91.github.io/posts/2024-12-01-Santa-Vision-A/,Santa Vision A | TheDead91,What username logs you into the SantaVision portal?,,,,,,,,,,,,,"content, indexable",no impressions
https://thedead91.github.io/posts/2024-12-02-Santa-Vision-B/,post,post file,yes,200,13,yes,yes,,https://thedead91.github.io/posts/2024-12-02-Santa-Vision-B/,Santa Vision B | TheDead91,"Once logged on, authenticate further without using Wombley’s or Alabaster’s accounts to see the northpolefeeds on the monitors. What username worked here?",,,,,,,,,,,,,"content, indexable",no impressions
https://thedead91.github.io/posts/2024-12-03-Santa-Vision-C/,post,post file,yes,200,13,yes,yes,,https://thedead91.github.io/posts/2024-12-03-Santa-Vision-C/,Santa Vision C | TheDead91,"Using the information available to you in the SantaVision platform, subscribe to the frostbitfeed MQTT topic. Are there any other feeds available? What is the code name for the elves’ secret operation?",,,,,,,,,,,,,"content, indexable",no impressions
https://thedead91.github.io/posts/2024-12-04-Santa-Vision-D/,post,post file,yes,200,13,yes,yes,,https://thedead91.github.io/posts/2024-12-04-Santa-Vision-D/,Santa Vision D | TheDead91,There are too many admins. Demote Wombley and Alabaster with a single MQTT message to correct the northpolefeeds feed. What type of contraption do you see Santa on?,,,,,,,,,,,,,"content, indexable",no impressions
https://thedead91.github.io/posts/2024-13-Elf-Stack/,post,post file,yes,200,12,yes,yes,,https://thedead91.github.io/posts/2024-13-Elf-Stack/,Elf Stack | TheDead91,Help the ElfSOC analysts track down a malicious attack against the North Pole domain.,,,,,,,,,,,,,"content, indexable",no impressions
https://thedead91.github.io/posts/2024-14-Decrypt-the-Naughty-Nice-List/,post,post file,yes,200,13,yes,yes,,https://thedead91.github.io/posts/2024-14-Decrypt-the-Naughty-Nice-List/,Decrypt the Naughty-Nice List | TheDead91,Decrypt the Frostbit-encrypted Naughty-Nice list and submit the first and last name of the child at number 440 in the Naughty-Nice list.,,,,,,,,,,,,,"content, indexable",no impressions
https://thedead91.github.io/posts/2024-15-Deactivate-Frostbit-Naughty-Nice-List-Publication/,post,post file,yes,200,13,yes,yes,,https://thedead91.github.io/posts/2024-15-Deactivate-Frostbit-Naughty-Nice-List-Publication/,Deactivate Frostbit Naughty-Nice List Publication | TheDead91,Wombley’s ransomware server is threatening to publish the Naughty-Nice list. Find a way to deactivate the publication of the Naughty-Nice list by the ransomware server.,,,,,,,,,,,,,"content, indexable",no impressions
https://thedead91.github.io/posts/2024-16-Conclusions/,post,post file,yes,200,9,yes,yes,,https://thedead91.github.io/posts/2024-16-Conclusions/,Conclusions | TheDead91,Conclusions First…oh my god! 6 years in a row I’m sending this report. Must have bored you by now 😁 I loved this new format of releasing the challenges in multiple tranches and allowing more time overall - I still ended up with having a working LFI for the Decrypt challenge only on Jan 1st 😁,URL is unknown to Google,NEUTRAL,ROBOTS_TXT_STATE_UNSPECIFIED,PAGE_FETCH_STATE_UNSPECIFIED,,,,,,,,,"content, indexable",not discovered by Google; no impressions
https://thedead91.github.io/posts/2024-17-Super-Honorable-Mention/,post,post file,yes,200,9,yes,yes,,https://thedead91.github.io/posts/2024-17-Super-Honorable-Mention/,Super Honorable Mention | TheDead91,"Super Honorable Mention I got myself a Super Honorable Mention submitting the writeup for this challenge, thank you guys!",,,,,,,,,,,,,"content, indexable",no impressions
https://thedead91.github.io/posts/2025-00-Holiday-Hack-Orientation/,post,post file,yes,200,9,yes,yes,,https://thedead91.github.io/posts/2025-00-Holiday-Hack-Orientation/,Holiday Hack Orientation | TheDead91,Meet Lynn Schifano on the train for a warm welcome and get ready for your journey around the Dosis Neighborhood.,URL is unknown to Google,NEUTRAL,ROBOTS_TXT_STATE_UNSPECIFIED,PAGE_FETCH_STATE_UNSPECIFIED,,,,,,,,,"content, indexable",not discovered by Google; no impressions
https://thedead91.github.io/posts/2025-01-Its-All-About-Defang/,post,post file,yes,200,9,yes,yes,,https://thedead91.github.io/posts/2025-01-Its-All-About-Defang/,Its All About Defang | TheDead91,Find Ed Skoudis upstairs in City Hall and help him troubleshoot a clever phishing tool in his cozy office.,,,,,,,,,,,,,"content, indexable",no impressions
https://thedead91.github.io/posts/2025-02-Neighborhood-Watch-Bypass/,post,post file,yes,200,9,yes,yes,,https://thedead91.github.io/posts/2025-02-Neighborhood-Watch-Bypass/,Neighborhood Watch Bypass | TheDead91,Assist Kyle at the old data center with a fire alarm that just won’t chill.,,,,,,,,,,,,,"content, indexable",no impressions
https://thedead91.github.io/posts/2025-03-Santa-s-Gift-Tracking-Service-Port-Mystery/,post,post file,yes,200,9,yes,yes,,https://thedead91.github.io/posts/2025-03-Santa-s-Gift-Tracking-Service-Port-Mystery/,Santa's Gift-Tracking Service Port Mystery | TheDead91,Chat with Yori near the apartment building about Santa’s mysterious gift tracker and unravel the holiday mystery.,,,,,,,,,,,,,"content, indexable",no impressions
https://thedead91.github.io/posts/2025-04-Visual-Networking-Thinger/,post,post file,yes,200,9,yes,yes,,https://thedead91.github.io/posts/2025-04-Visual-Networking-Thinger/,Visual Networking Thinger | TheDead91,Skate over to Jared at the frozen pond for some network magic and learn the ropes by the hockey rink.,,,,,,,,,,,,,"content, indexable",no impressions
https://thedead91.github.io/posts/2025-05-Visual-Firewall-Thinger/,post,post file,yes,200,9,yes,yes,,https://thedead91.github.io/posts/2025-05-Visual-Firewall-Thinger/,Visual Firewall Thinger | TheDead91,Find Elgee in the big hotel for a firewall frolic and some techy fun.,,,,,,,,,,,,,"content, indexable",no impressions
https://thedead91.github.io/posts/2025-06-Intro-to-Nmap/,post,post file,yes,200,9,yes,yes,,https://thedead91.github.io/posts/2025-06-Intro-to-Nmap/,Intro to Nmap | TheDead91,Meet Eric in the hotel parking lot for Nmap know-how and scanning secrets. Help him connect to the wardriving rig on his motorcycle!,,,,,,,,,,,,,"content, indexable",no impressions
https://thedead91.github.io/posts/2025-07-Blob-Storage-Challenge-in-the-Neighborhood/,post,post file,yes,200,9,yes,yes,,https://thedead91.github.io/posts/2025-07-Blob-Storage-Challenge-in-the-Neighborhood/,Blob Storage Challenge in the Neighborhood | TheDead91,Help the Goose Grace near the pond find which Azure Storage account has been misconfigured to allow public blob access by analyzing the export file.,,,,,,,,,,,,,"content, indexable",no impressions
https://thedead91.github.io/posts/2025-08-Spare-Key/,post,post file,yes,200,9,yes,yes,,https://thedead91.github.io/posts/2025-08-Spare-Key/,Spare Key | TheDead91,"Help Goose Barry near the pond identify which identity has been granted excessive Owner permissions at the subscription level, violating the principle of least privilege.",,,,,,,,,,,,,"content, indexable",no impressions
https://thedead91.github.io/posts/2025-09-The-Open-Door/,post,post file,yes,200,9,yes,yes,,https://thedead91.github.io/posts/2025-09-The-Open-Door/,The Open Door | TheDead91,Help Goose Lucas in the hotel parking lot find the dangerously misconfigured Network Security Group rule that’s allowing unrestricted internet access to sensitive ports like RDP or SSH.,,,,,,,,,,,,,"content, indexable",no impressions
https://thedead91.github.io/posts/2025-10-Owner/,post,post file,yes,200,9,yes,yes,,https://thedead91.github.io/posts/2025-10-Owner/,Owner | TheDead91,Help Goose James near the park discover the accidentally leaked SAS token in a public JavaScript file and determine what Azure Storage resource it exposes and what permissions it grants.,,,,,,,,,,,,,"content, indexable",no impressions
https://thedead91.github.io/posts/2025-11-Retro-Recovery/,post,post file,yes,200,9,yes,yes,,https://thedead91.github.io/posts/2025-11-Retro-Recovery/,Retro Recovery | TheDead91,Join Mark in the retro shop. Analyze his disk image for a blast from the retro past and recover some classic treasures.,,,,,,,,,,,,,"content, indexable",no impressions
https://thedead91.github.io/posts/2025-12-Mail-Detective/,post,post file,yes,200,9,yes,yes,,https://thedead91.github.io/posts/2025-12-Mail-Detective/,Mail Detective | TheDead91,Help Mo in City Hall solve a curly email caper and crack the IMAP case. What is the URL of the pastebin service the gnomes are using?,,,,,,,,,,,,,"content, indexable",no impressions
https://thedead91.github.io/posts/2025-13-IDORable-Bistro/,post,post file,yes,200,9,yes,yes,,https://thedead91.github.io/posts/2025-13-IDORable-Bistro/,IDORable Bistro | TheDead91,Josh has a tasty IDOR treat for you—stop by Sasabune for a bite of vulnerability. What is the name of the gnome?,,,,,,,,,,,,,"content, indexable",no impressions
https://thedead91.github.io/posts/2025-14-Dosis-Network-Down/,post,post file,yes,200,9,yes,yes,,https://thedead91.github.io/posts/2025-14-Dosis-Network-Down/,Dosis Network Down | TheDead91,Drop by JJ’s 24-7 for a network rescue and help restore the holiday cheer. What is the WiFi password found in the router’s config?,,,,,,,,,,,,,"content, indexable",no impressions
https://thedead91.github.io/posts/2025-15-Rogue-Gnome-Identity-Provider/,post,post file,yes,200,9,yes,yes,,https://thedead91.github.io/posts/2025-15-Rogue-Gnome-Identity-Provider/,Rogue Gnome Identity Provider | TheDead91,Hike over to Paul in the park for a gnomey authentication puzzle adventure. What malicious firmware image are the gnomes downloading?,,,,,,,,,,,,,"content, indexable",no impressions
https://thedead91.github.io/posts/2025-16-Quantgnome-Leap/,post,post file,yes,200,8,yes,yes,,https://thedead91.github.io/posts/2025-16-Quantgnome-Leap/,Quantgnome Leap | TheDead91,Charlie in the hotel has quantum gnome mysteries waiting to be solved. What is the flag that you find?,,,,,,,,,,,,,"content, indexable",no impressions
https://thedead91.github.io/posts/2025-17-Going-in-Reverse/,post,post file,yes,200,8,yes,yes,,https://thedead91.github.io/posts/2025-17-Going-in-Reverse/,Going in Reverse | TheDead91,Kevin in the Retro Store needs help rewinding tech and going in reverse. Extract the flag and enter it here.,,,,,,,,,,,,,"content, indexable",no impressions
https://thedead91.github.io/posts/2025-18-Gnome-Tea/,post,post file,yes,200,8,yes,yes,,https://thedead91.github.io/posts/2025-18-Gnome-Tea/,Gnome Tea | TheDead91,Enter the apartment building near 24-7 and help Thomas infiltrate the GnomeTea social network and discover the secret agent passphrase.,,,,,,,,,,,,,"content, indexable",no impressions
https://thedead91.github.io/posts/2025-19-Hack-a-Gnome/,post,post file,yes,200,8,yes,yes,,https://thedead91.github.io/posts/2025-19-Hack-a-Gnome/,Hack-a-Gnome | TheDead91,Davis in the Data Center is fighting a gnome army—join the hack-a-gnome fun.,,,,,,,,,,,,,"content, indexable",no impressions
https://thedead91.github.io/posts/2025-20-Snowcat-RCE-&-Priv-Esc/,post,theme/generated,yes,200,8,yes,yes,,https://thedead91.github.io/posts/2025-20-Snowcat-RCE-&-Priv-Esc/,Snowcat RCE & Priv Esc | TheDead91,"Tom, in the hotel, found a wild Snowcat bug. Help him chase down the RCE! Recover and submit the API key not being used by snowcat.",,,,,,,,,,,,,"content, indexable",no impressions
https://thedead91.github.io/posts/2025-21-Schr%C3%B6dinger-s-Scope/,post,post file,yes,200,8,yes,yes,,https://thedead91.github.io/posts/2025-21-Schr%C3%B6dinger-s-Scope/,Schrödinger's Scope | TheDead91,"Tom, in the hotel, found a wild Snowcat bug. Help him chase down the RCE! Recover and submit the API key not being used by snowcat.",URL is unknown to Google,NEUTRAL,ROBOTS_TXT_STATE_UNSPECIFIED,PAGE_FETCH_STATE_UNSPECIFIED,,,,,,,,,"content, indexable",not discovered by Google; no impressions
https://thedead91.github.io/posts/2025-22-Find-and-Shutdown-Frosty-s-Snowglobe-Machine/,post,post file,yes,200,8,yes,yes,,https://thedead91.github.io/posts/2025-22-Find-and-Shutdown-Frosty-s-Snowglobe-Machine/,Find and Shutdown Frosty's Snowglobe Machine | TheDead91,"You’ve heard murmurings around the city about a wise, elderly gnome having a change of heart. He must have information about where Frosty’s Snowglobe Machine is. You should find and talk to the gnome so you can get some help with how to make your way through the Data Center’s labrynthian halls. Once you find the Snowglobe Machine, figure out how to shut it down and melt Frosty’s cold, nefarious plans.",,,,,,,,,,,,,"content, indexable",no impressions
https://thedead91.github.io/posts/2025-23-On-the-Wire/,post,post file,yes,200,8,yes,yes,,https://thedead91.github.io/posts/2025-23-On-the-Wire/,On the Wire | TheDead91,"Help Evan next to city hall hack this gnome and retrieve the temperature value reported by the I²C device at address 0x3C. The temperature data is XOR-encrypted, so you’ll need to work through each communication stage to uncover the necessary keys. Start with the unencrypted data being transmitted over the 1-wire protocol.",,,,,,,,,,,,,"content, indexable",no impressions
https://thedead91.github.io/posts/2025-24-Free-Ski/,post,post file,yes,200,8,yes,yes,,https://thedead91.github.io/posts/2025-24-Free-Ski/,Free Ski | TheDead91,Go to the retro store and help Goose Olivia ski down the mountain and collect all five treasure chests to reveal the hidden flag in this classic SkiFree-inspired challenge.,,,,,,,,,,,,,"content, indexable",no impressions
https://thedead91.github.io/posts/2025-25-Snowblind-Ambush/,post,post file,yes,200,8,yes,yes,,https://thedead91.github.io/posts/2025-25-Snowblind-Ambush/,Snowblind Ambush | TheDead91,Head to the Hotel to stop Frosty’s plan. Torkel is waiting at the Grand Web Terminal.,URL is unknown to Google,NEUTRAL,ROBOTS_TXT_STATE_UNSPECIFIED,PAGE_FETCH_STATE_UNSPECIFIED,,,,,,,,,"content, indexable",not discovered by Google; no impressions
https://thedead91.github.io/tags/,taxonomy-index,tab file,yes,200,0,yes,yes,,https://thedead91.github.io/tags/,Tags | TheDead91,Every tag used across the SANS Holiday Hack Challenge write-ups on this site.,Crawled - currently not indexed,NEUTRAL,ALLOWED,SUCCESSFUL,2026-05-30T02:08:40Z,https://thedead91.github.io/tags/,https://thedead91.github.io/tags/,,,17,0,6.470588235294118,indexable,crawled but not indexed
https://thedead91.github.io/tags/act1/,tag-archive,generated (jekyll-archives),yes,200,5,yes,no,"noindex, follow",https://thedead91.github.io/tags/act1/,Tag: act1 | TheDead91,All 4 write-ups tagged act1 in the SANS Holiday Hack Challenge series.,,,,,,,,,,,,,REMOVED from sitemap (was a navigational duplicate),no impressions
https://thedead91.github.io/tags/act2/,tag-archive,generated (jekyll-archives),yes,200,6,yes,no,"noindex, follow",https://thedead91.github.io/tags/act2/,Tag: act2 | TheDead91,All 5 write-ups tagged act2 in the SANS Holiday Hack Challenge series.,,,,,,,,,,,,,REMOVED from sitemap (was a navigational duplicate),no impressions
https://thedead91.github.io/tags/act3/,tag-archive,generated (jekyll-archives),yes,200,8,yes,no,"noindex, follow",https://thedead91.github.io/tags/act3/,Tag: act3 | TheDead91,All 7 write-ups tagged act3 in the SANS Holiday Hack Challenge series.,,,,,,,,,,,,,REMOVED from sitemap (was a navigational duplicate),no impressions
https://thedead91.github.io/tags/active-directory/,tag-archive,generated (jekyll-archives),yes,200,2,yes,no,"noindex, follow",https://thedead91.github.io/tags/active-directory/,Tag: Active Directory | TheDead91,All 1 write-up tagged Active Directory in the SANS Holiday Hack Challenge series.,,,,,,,,,,,,,REMOVED from sitemap (was a navigational duplicate),no impressions
https://thedead91.github.io/tags/angel-candysalt/,tag-archive,generated (jekyll-archives),yes,200,3,yes,no,"noindex, follow",https://thedead91.github.io/tags/angel-candysalt/,Tag: Angel Candysalt | TheDead91,All 2 write-ups tagged Angel Candysalt in the SANS Holiday Hack Challenge series.,,,,,,,,,,,,,REMOVED from sitemap (was a navigational duplicate),no impressions
https://thedead91.github.io/tags/azure-101/,tag-archive,generated (jekyll-archives),yes,200,2,yes,no,"noindex, follow",https://thedead91.github.io/tags/azure-101/,Tag: Azure 101 | TheDead91,All 1 write-up tagged Azure 101 in the SANS Holiday Hack Challenge series.,,,,,,,,,,,,,REMOVED from sitemap (was a navigational duplicate),no impressions
https://thedead91.github.io/tags/blob-storage-challenge-in-the-neighborhood/,tag-archive,generated (jekyll-archives),yes,200,2,yes,no,"noindex, follow",https://thedead91.github.io/tags/blob-storage-challenge-in-the-neighborhood/,Tag: Blob Storage Challenge in the Neighborhood | TheDead91,All 1 write-up tagged Blob Storage Challenge in the Neighborhood in the SANS Holiday Hack Challenge series.,,,,,,,,,,,,,REMOVED from sitemap (was a navigational duplicate),no impressions
https://thedead91.github.io/tags/bonus-fishing-guide/,tag-archive,generated (jekyll-archives),yes,200,2,yes,no,"noindex, follow",https://thedead91.github.io/tags/bonus-fishing-guide/,Tag: BONUS! Fishing Guide | TheDead91,All 1 write-up tagged BONUS! Fishing Guide in the SANS Holiday Hack Challenge series.,,,,,,,,,,,,,REMOVED from sitemap (was a navigational duplicate),no impressions
https://thedead91.github.io/tags/bonus-fishing-mastery/,tag-archive,generated (jekyll-archives),yes,200,2,yes,no,"noindex, follow",https://thedead91.github.io/tags/bonus-fishing-mastery/,Tag: BONUS! Fishing Mastery | TheDead91,All 1 write-up tagged BONUS! Fishing Mastery in the SANS Holiday Hack Challenge series.,,,,,,,,,,,,,REMOVED from sitemap (was a navigational duplicate),no impressions
https://thedead91.github.io/tags/bow-ninecandle/,tag-archive,generated (jekyll-archives),yes,200,3,yes,no,"noindex, follow",https://thedead91.github.io/tags/bow-ninecandle/,Tag: Bow Ninecandle | TheDead91,All 2 write-ups tagged Bow Ninecandle in the SANS Holiday Hack Challenge series.,,,,,,,,,,,,,REMOVED from sitemap (was a navigational duplicate),no impressions
https://thedead91.github.io/tags/camera-access/,tag-archive,generated (jekyll-archives),yes,200,2,yes,no,"noindex, follow",https://thedead91.github.io/tags/camera-access/,Tag: Camera Access | TheDead91,All 1 write-up tagged Camera Access in the SANS Holiday Hack Challenge series.,,,,,,,,,,,,,REMOVED from sitemap (was a navigational duplicate),no impressions
https://thedead91.github.io/tags/certificate-sshenanigans/,tag-archive,generated (jekyll-archives),yes,200,2,yes,no,"noindex, follow",https://thedead91.github.io/tags/certificate-sshenanigans/,Tag: Certificate SSHenanigans | TheDead91,All 1 write-up tagged Certificate SSHenanigans in the SANS Holiday Hack Challenge series.,,,,,,,,,,,,,REMOVED from sitemap (was a navigational duplicate),no impressions
https://thedead91.github.io/tags/chimney-scissorsticks/,tag-archive,generated (jekyll-archives),yes,200,3,yes,no,"noindex, follow",https://thedead91.github.io/tags/chimney-scissorsticks/,Tag: Chimney Scissorsticks | TheDead91,All 2 write-ups tagged Chimney Scissorsticks in the SANS Holiday Hack Challenge series.,,,,,,,,,,,,,REMOVED from sitemap (was a navigational duplicate),no impressions
https://thedead91.github.io/tags/conclusions/,tag-archive,generated (jekyll-archives),yes,200,3,yes,no,"noindex, follow",https://thedead91.github.io/tags/conclusions/,Tag: Conclusions | TheDead91,All 2 write-ups tagged Conclusions in the SANS Holiday Hack Challenge series.,,,,,,,,,,,,,REMOVED from sitemap (was a navigational duplicate),no impressions
https://thedead91.github.io/tags/curling/,tag-archive,generated (jekyll-archives),yes,200,2,yes,no,"noindex, follow",https://thedead91.github.io/tags/curling/,Tag: cURLing | TheDead91,All 1 write-up tagged cURLing in the SANS Holiday Hack Challenge series.,,,,,,,,,,,,,REMOVED from sitemap (was a navigational duplicate),no impressions
https://thedead91.github.io/tags/deactivate-frostbit-naughty-nice-list-publication/,tag-archive,generated (jekyll-archives),yes,200,2,yes,no,"noindex, follow",https://thedead91.github.io/tags/deactivate-frostbit-naughty-nice-list-publication/,Tag: Deactivate Frostbit Naughty-Nice List Publication | TheDead91,All 1 write-up tagged Deactivate Frostbit Naughty-Nice List Publication in the SANS Holiday Hack Challenge series.,,,,,,,,,,,,,REMOVED from sitemap (was a navigational duplicate),no impressions
https://thedead91.github.io/tags/deactivate/,tag-archive,generated (jekyll-archives),yes,200,2,yes,no,"noindex, follow",https://thedead91.github.io/tags/deactivate/,Tag: Deactivate | TheDead91,All 1 write-up tagged Deactivate in the SANS Holiday Hack Challenge series.,,,,,,,,,,,,,REMOVED from sitemap (was a navigational duplicate),no impressions
https://thedead91.github.io/tags/decrypt-the-naughty-nice-list/,tag-archive,generated (jekyll-archives),yes,200,2,yes,no,"noindex, follow",https://thedead91.github.io/tags/decrypt-the-naughty-nice-list/,Tag: Decrypt the Naughty-Nice List | TheDead91,All 1 write-up tagged Decrypt the Naughty-Nice List in the SANS Holiday Hack Challenge series.,,,,,,,,,,,,,REMOVED from sitemap (was a navigational duplicate),no impressions
https://thedead91.github.io/tags/decrypt/,tag-archive,generated (jekyll-archives),yes,200,2,yes,no,"noindex, follow",https://thedead91.github.io/tags/decrypt/,Tag: Decrypt | TheDead91,All 1 write-up tagged Decrypt in the SANS Holiday Hack Challenge series.,,,,,,,,,,,,,REMOVED from sitemap (was a navigational duplicate),no impressions
https://thedead91.github.io/tags/dosis-network-down/,tag-archive,generated (jekyll-archives),yes,200,2,yes,no,"noindex, follow",https://thedead91.github.io/tags/dosis-network-down/,Tag: Dosis Network Down | TheDead91,All 1 write-up tagged Dosis Network Down in the SANS Holiday Hack Challenge series.,,,,,,,,,,,,,REMOVED from sitemap (was a navigational duplicate),no impressions
https://thedead91.github.io/tags/drone-path/,tag-archive,generated (jekyll-archives),yes,200,2,yes,no,"noindex, follow",https://thedead91.github.io/tags/drone-path/,Tag: Drone Path | TheDead91,All 1 write-up tagged Drone Path in the SANS Holiday Hack Challenge series.,,,,,,,,,,,,,REMOVED from sitemap (was a navigational duplicate),no impressions
https://thedead91.github.io/tags/dusty-giftwrap/,tag-archive,generated (jekyll-archives),yes,200,5,yes,no,"noindex, follow",https://thedead91.github.io/tags/dusty-giftwrap/,Tag: Dusty Giftwrap | TheDead91,All 4 write-ups tagged Dusty Giftwrap in the SANS Holiday Hack Challenge series.,,,,,,,,,,,,,REMOVED from sitemap (was a navigational duplicate),no impressions
https://thedead91.github.io/tags/elf-connect/,tag-archive,generated (jekyll-archives),yes,200,2,yes,no,"noindex, follow",https://thedead91.github.io/tags/elf-connect/,Tag: Elf Connect | TheDead91,All 1 write-up tagged Elf Connect in the SANS Holiday Hack Challenge series.,,,,,,,,,,,,,REMOVED from sitemap (was a navigational duplicate),no impressions
https://thedead91.github.io/tags/elf-hunt/,tag-archive,generated (jekyll-archives),yes,200,2,yes,no,"noindex, follow",https://thedead91.github.io/tags/elf-hunt/,Tag: Elf Hunt | TheDead91,All 1 write-up tagged Elf Hunt in the SANS Holiday Hack Challenge series.,URL is unknown to Google,NEUTRAL,ROBOTS_TXT_STATE_UNSPECIFIED,PAGE_FETCH_STATE_UNSPECIFIED,,,,,,,,,REMOVED from sitemap (was a navigational duplicate),not discovered by Google; no impressions
https://thedead91.github.io/tags/elf-minder-9000/,tag-archive,generated (jekyll-archives),yes,200,2,yes,no,"noindex, follow",https://thedead91.github.io/tags/elf-minder-9000/,Tag: Elf Minder 9000 | TheDead91,All 1 write-up tagged Elf Minder 9000 in the SANS Holiday Hack Challenge series.,,,,,,,,,,,,,REMOVED from sitemap (was a navigational duplicate),no impressions
https://thedead91.github.io/tags/elf-stack/,tag-archive,generated (jekyll-archives),yes,200,2,yes,no,"noindex, follow",https://thedead91.github.io/tags/elf-stack/,Tag: Elf Stack | TheDead91,All 1 write-up tagged Elf Stack in the SANS Holiday Hack Challenge series.,,,,,,,,,,,,,REMOVED from sitemap (was a navigational duplicate),no impressions
https://thedead91.github.io/tags/eve-snowshoes/,tag-archive,generated (jekyll-archives),yes,200,4,yes,no,"noindex, follow",https://thedead91.github.io/tags/eve-snowshoes/,Tag: Eve Snowshoes | TheDead91,All 3 write-ups tagged Eve Snowshoes in the SANS Holiday Hack Challenge series.,,,,,,,,,,,,,REMOVED from sitemap (was a navigational duplicate),no impressions
https://thedead91.github.io/tags/faster-lock-combination/,tag-archive,generated (jekyll-archives),yes,200,2,yes,no,"noindex, follow",https://thedead91.github.io/tags/faster-lock-combination/,Tag: Faster Lock Combination | TheDead91,All 1 write-up tagged Faster Lock Combination in the SANS Holiday Hack Challenge series.,,,,,,,,,,,,,REMOVED from sitemap (was a navigational duplicate),no impressions
https://thedead91.github.io/tags/find-and-shutdown-frosty-s-snowglobe-machine/,tag-archive,generated (jekyll-archives),yes,200,2,yes,no,"noindex, follow",https://thedead91.github.io/tags/find-and-shutdown-frosty-s-snowglobe-machine/,Tag: Find and Shutdown Frosty's Snowglobe Machine | TheDead91,All 1 write-up tagged Find and Shutdown Frosty’s Snowglobe Machine in the SANS Holiday Hack Challenge series.,,,,,,,,,,,,,REMOVED from sitemap (was a navigational duplicate),no impressions
https://thedead91.github.io/tags/fitzy-shortstack/,tag-archive,generated (jekyll-archives),yes,200,3,yes,no,"noindex, follow",https://thedead91.github.io/tags/fitzy-shortstack/,Tag: Fitzy Shortstack | TheDead91,All 2 write-ups tagged Fitzy Shortstack in the SANS Holiday Hack Challenge series.,,,,,,,,,,,,,REMOVED from sitemap (was a navigational duplicate),no impressions
https://thedead91.github.io/tags/free-ski/,tag-archive,generated (jekyll-archives),yes,200,2,yes,no,"noindex, follow",https://thedead91.github.io/tags/free-ski/,Tag: Free Ski | TheDead91,All 1 write-up tagged Free Ski in the SANS Holiday Hack Challenge series.,,,,,,,,,,,,,REMOVED from sitemap (was a navigational duplicate),no impressions
https://thedead91.github.io/tags/frosty-keypad/,tag-archive,generated (jekyll-archives),yes,200,2,yes,no,"noindex, follow",https://thedead91.github.io/tags/frosty-keypad/,Tag: Frosty Keypad | TheDead91,All 1 write-up tagged Frosty Keypad in the SANS Holiday Hack Challenge series.,,,,,,,,,,,,,REMOVED from sitemap (was a navigational duplicate),no impressions
https://thedead91.github.io/tags/game-cartridges-vol-1/,tag-archive,generated (jekyll-archives),yes,200,2,yes,no,"noindex, follow",https://thedead91.github.io/tags/game-cartridges-vol-1/,Tag: Game Cartridges: Vol 1 | TheDead91,All 1 write-up tagged Game Cartridges: Vol 1 in the SANS Holiday Hack Challenge series.,,,,,,,,,,,,,REMOVED from sitemap (was a navigational duplicate),no impressions
https://thedead91.github.io/tags/game-cartridges-vol-2/,tag-archive,generated (jekyll-archives),yes,200,2,yes,no,"noindex, follow",https://thedead91.github.io/tags/game-cartridges-vol-2/,Tag: Game Cartridges: Vol 2 | TheDead91,All 1 write-up tagged Game Cartridges: Vol 2 in the SANS Holiday Hack Challenge series.,,,,,,,,,,,,,REMOVED from sitemap (was a navigational duplicate),no impressions
https://thedead91.github.io/tags/game-cartridges-vol-3/,tag-archive,generated (jekyll-archives),yes,200,2,yes,no,"noindex, follow",https://thedead91.github.io/tags/game-cartridges-vol-3/,Tag: Game Cartridges: Vol 3 | TheDead91,All 1 write-up tagged Game Cartridges: Vol 3 in the SANS Holiday Hack Challenge series.,,,,,,,,,,,,,REMOVED from sitemap (was a navigational duplicate),no impressions
https://thedead91.github.io/tags/game-cartridges/,tag-archive,generated (jekyll-archives),yes,200,4,yes,no,"noindex, follow",https://thedead91.github.io/tags/game-cartridges/,Tag: Game Cartridges | TheDead91,All 3 write-ups tagged Game Cartridges in the SANS Holiday Hack Challenge series.,,,,,,,,,,,,,REMOVED from sitemap (was a navigational duplicate),no impressions
https://thedead91.github.io/tags/garland-candlesticks/,tag-archive,generated (jekyll-archives),yes,200,2,yes,no,"noindex, follow",https://thedead91.github.io/tags/garland-candlesticks/,Tag: Garland Candlesticks | TheDead91,All 1 write-up tagged Garland Candlesticks in the SANS Holiday Hack Challenge series.,,,,,,,,,,,,,REMOVED from sitemap (was a navigational duplicate),no impressions
https://thedead91.github.io/tags/ginger-breddie/,tag-archive,generated (jekyll-archives),yes,200,2,yes,no,"noindex, follow",https://thedead91.github.io/tags/ginger-breddie/,Tag: Ginger Breddie | TheDead91,All 1 write-up tagged Ginger Breddie in the SANS Holiday Hack Challenge series.,,,,,,,,,,,,,REMOVED from sitemap (was a navigational duplicate),no impressions
https://thedead91.github.io/tags/gnome-tea/,tag-archive,generated (jekyll-archives),yes,200,2,yes,no,"noindex, follow",https://thedead91.github.io/tags/gnome-tea/,Tag: Gnome Tea | TheDead91,All 1 write-up tagged Gnome Tea in the SANS Holiday Hack Challenge series.,,,,,,,,,,,,,REMOVED from sitemap (was a navigational duplicate),no impressions
https://thedead91.github.io/tags/going-in-reverse/,tag-archive,generated (jekyll-archives),yes,200,2,yes,no,"noindex, follow",https://thedead91.github.io/tags/going-in-reverse/,Tag: Going in Reverse | TheDead91,All 1 write-up tagged Going in Reverse in the SANS Holiday Hack Challenge series.,,,,,,,,,,,,,REMOVED from sitemap (was a navigational duplicate),no impressions
https://thedead91.github.io/tags/hack-a-gnome/,tag-archive,generated (jekyll-archives),yes,200,2,yes,no,"noindex, follow",https://thedead91.github.io/tags/hack-a-gnome/,Tag: Hack-a-Gnome | TheDead91,All 1 write-up tagged Hack-a-Gnome in the SANS Holiday Hack Challenge series.,,,,,,,,,,,,,REMOVED from sitemap (was a navigational duplicate),no impressions
https://thedead91.github.io/tags/hardware-hacking-101-part-1/,tag-archive,generated (jekyll-archives),yes,200,2,yes,no,"noindex, follow",https://thedead91.github.io/tags/hardware-hacking-101-part-1/,Tag: Hardware Hacking 101 - Part 1 | TheDead91,All 1 write-up tagged Hardware Hacking 101 - Part 1 in the SANS Holiday Hack Challenge series.,,,,,,,,,,,,,REMOVED from sitemap (was a navigational duplicate),no impressions
https://thedead91.github.io/tags/hardware-hacking-101-part-2/,tag-archive,generated (jekyll-archives),yes,200,2,yes,no,"noindex, follow",https://thedead91.github.io/tags/hardware-hacking-101-part-2/,Tag: Hardware Hacking 101 - Part 2 | TheDead91,All 1 write-up tagged Hardware Hacking 101 - Part 2 in the SANS Holiday Hack Challenge series.,,,,,,,,,,,,,REMOVED from sitemap (was a navigational duplicate),no impressions
https://thedead91.github.io/tags/hardware-hacking-101/,tag-archive,generated (jekyll-archives),yes,200,3,yes,no,"noindex, follow",https://thedead91.github.io/tags/hardware-hacking-101/,Tag: Hardware Hacking 101 | TheDead91,All 2 write-ups tagged Hardware Hacking 101 in the SANS Holiday Hack Challenge series.,,,,,,,,,,,,,REMOVED from sitemap (was a navigational duplicate),no impressions
https://thedead91.github.io/tags/hashcat/,tag-archive,generated (jekyll-archives),yes,200,2,yes,no,"noindex, follow",https://thedead91.github.io/tags/hashcat/,Tag: Hashcat | TheDead91,All 1 write-up tagged Hashcat in the SANS Holiday Hack Challenge series.,,,,,,,,,,,,,REMOVED from sitemap (was a navigational duplicate),no impressions
https://thedead91.github.io/tags/holiday-hack-challenge-2023/,tag-archive,generated (jekyll-archives),yes,200,27,yes,no,"noindex, follow",https://thedead91.github.io/tags/holiday-hack-challenge-2023/,Tag: Holiday Hack Challenge 2023 | TheDead91,All 26 write-ups tagged Holiday Hack Challenge 2023 in the SANS Holiday Hack Challenge series.,,,,,,,,,,,,,REMOVED from sitemap (was a navigational duplicate),no impressions
https://thedead91.github.io/tags/holiday-hack-challenge-2024/,tag-archive,generated (jekyll-archives),yes,200,22,yes,no,"noindex, follow",https://thedead91.github.io/tags/holiday-hack-challenge-2024/,Tag: Holiday Hack Challenge 2024 | TheDead91,All 21 write-ups tagged Holiday Hack Challenge 2024 in the SANS Holiday Hack Challenge series.,,,,,,,,,,,,,REMOVED from sitemap (was a navigational duplicate),no impressions
https://thedead91.github.io/tags/holiday-hack-challenge-2025/,tag-archive,generated (jekyll-archives),yes,200,27,yes,no,"noindex, follow",https://thedead91.github.io/tags/holiday-hack-challenge-2025/,Tag: Holiday Hack Challenge 2025 | TheDead91,All 26 write-ups tagged Holiday Hack Challenge 2025 in the SANS Holiday Hack Challenge series.,,,,,,,,,,,,,REMOVED from sitemap (was a navigational duplicate),no impressions
https://thedead91.github.io/tags/holiday-hack-challenge/,tag-archive,generated (jekyll-archives),yes,200,74,yes,no,"noindex, follow",https://thedead91.github.io/tags/holiday-hack-challenge/,Tag: Holiday Hack Challenge | TheDead91,All 73 write-ups tagged Holiday Hack Challenge in the SANS Holiday Hack Challenge series.,,,,,,,,,,,,,REMOVED from sitemap (was a navigational duplicate),no impressions
https://thedead91.github.io/tags/holiday-hack-orientation/,tag-archive,generated (jekyll-archives),yes,200,4,yes,no,"noindex, follow",https://thedead91.github.io/tags/holiday-hack-orientation/,Tag: Holiday Hack Orientation | TheDead91,All 3 write-ups tagged Holiday Hack Orientation in the SANS Holiday Hack Challenge series.,,,,,,,,,,,,,REMOVED from sitemap (was a navigational duplicate),no impressions
https://thedead91.github.io/tags/idorable-bistro/,tag-archive,generated (jekyll-archives),yes,200,2,yes,no,"noindex, follow",https://thedead91.github.io/tags/idorable-bistro/,Tag: IDORable Bistro | TheDead91,All 1 write-up tagged IDORable Bistro in the SANS Holiday Hack Challenge series.,,,,,,,,,,,,,REMOVED from sitemap (was a navigational duplicate),no impressions
https://thedead91.github.io/tags/intro-to-nmap/,tag-archive,generated (jekyll-archives),yes,200,2,yes,no,"noindex, follow",https://thedead91.github.io/tags/intro-to-nmap/,Tag: Intro to Nmap | TheDead91,All 1 write-up tagged Intro to Nmap in the SANS Holiday Hack Challenge series.,,,,,,,,,,,,,REMOVED from sitemap (was a navigational duplicate),no impressions
https://thedead91.github.io/tags/its-all-about-defang/,tag-archive,generated (jekyll-archives),yes,200,2,yes,no,"noindex, follow",https://thedead91.github.io/tags/its-all-about-defang/,Tag: Its All About Defang | TheDead91,All 1 write-up tagged Its All About Defang in the SANS Holiday Hack Challenge series.,,,,,,,,,,,,,REMOVED from sitemap (was a navigational duplicate),no impressions
https://thedead91.github.io/tags/jewel-loggins/,tag-archive,generated (jekyll-archives),yes,200,4,yes,no,"noindex, follow",https://thedead91.github.io/tags/jewel-loggins/,Tag: Jewel Loggins | TheDead91,All 3 write-ups tagged Jewel Loggins in the SANS Holiday Hack Challenge series.,,,,,,,,,,,,,REMOVED from sitemap (was a navigational duplicate),no impressions
https://thedead91.github.io/tags/jingle-ringford/,tag-archive,generated (jekyll-archives),yes,200,3,yes,no,"noindex, follow",https://thedead91.github.io/tags/jingle-ringford/,Tag: Jingle Ringford | TheDead91,All 2 write-ups tagged Jingle Ringford in the SANS Holiday Hack Challenge series.,,,,,,,,,,,,,REMOVED from sitemap (was a navigational duplicate),no impressions
https://thedead91.github.io/tags/kql-kraken-hunt/,tag-archive,generated (jekyll-archives),yes,200,2,yes,no,"noindex, follow",https://thedead91.github.io/tags/kql-kraken-hunt/,Tag: KQL Kraken Hunt | TheDead91,All 1 write-up tagged KQL Kraken Hunt in the SANS Holiday Hack Challenge series.,,,,,,,,,,,,,REMOVED from sitemap (was a navigational duplicate),no impressions
https://thedead91.github.io/tags/linux-101/,tag-archive,generated (jekyll-archives),yes,200,2,yes,no,"noindex, follow",https://thedead91.github.io/tags/linux-101/,Tag: Linux 101 | TheDead91,All 1 write-up tagged Linux 101 in the SANS Holiday Hack Challenge series.,,,,,,,,,,,,,REMOVED from sitemap (was a navigational duplicate),no impressions
https://thedead91.github.io/tags/linux-privesc/,tag-archive,generated (jekyll-archives),yes,200,2,yes,no,"noindex, follow",https://thedead91.github.io/tags/linux-privesc/,Tag: Linux PrivEsc | TheDead91,All 1 write-up tagged Linux PrivEsc in the SANS Holiday Hack Challenge series.,,,,,,,,,,,,,REMOVED from sitemap (was a navigational duplicate),no impressions
https://thedead91.github.io/tags/luggage-lock/,tag-archive,generated (jekyll-archives),yes,200,2,yes,no,"noindex, follow",https://thedead91.github.io/tags/luggage-lock/,Tag: Luggage Lock | TheDead91,All 1 write-up tagged Luggage Lock in the SANS Holiday Hack Challenge series.,,,,,,,,,,,,,REMOVED from sitemap (was a navigational duplicate),no impressions
https://thedead91.github.io/tags/mail-detective/,tag-archive,generated (jekyll-archives),yes,200,2,yes,no,"noindex, follow",https://thedead91.github.io/tags/mail-detective/,Tag: Mail Detective | TheDead91,All 1 write-up tagged Mail Detective in the SANS Holiday Hack Challenge series.,,,,,,,,,,,,,REMOVED from sitemap (was a navigational duplicate),no impressions
https://thedead91.github.io/tags/microsoft-kc7/,tag-archive,generated (jekyll-archives),yes,200,2,yes,no,"noindex, follow",https://thedead91.github.io/tags/microsoft-kc7/,Tag: Microsoft KC7 | TheDead91,All 1 write-up tagged Microsoft KC7 in the SANS Holiday Hack Challenge series.,,,,,,,,,,,,,REMOVED from sitemap (was a navigational duplicate),no impressions
https://thedead91.github.io/tags/missile-diversion/,tag-archive,generated (jekyll-archives),yes,200,2,yes,no,"noindex, follow",https://thedead91.github.io/tags/missile-diversion/,Tag: Missile Diversion | TheDead91,All 1 write-up tagged Missile Diversion in the SANS Holiday Hack Challenge series.,,,,,,,,,,,,,REMOVED from sitemap (was a navigational duplicate),no impressions
https://thedead91.github.io/tags/mobile-analysis/,tag-archive,generated (jekyll-archives),yes,200,2,yes,no,"noindex, follow",https://thedead91.github.io/tags/mobile-analysis/,Tag: Mobile Analysis | TheDead91,All 1 write-up tagged Mobile Analysis in the SANS Holiday Hack Challenge series.,,,,,,,,,,,,,REMOVED from sitemap (was a navigational duplicate),no impressions
https://thedead91.github.io/tags/morcel-nougat/,tag-archive,generated (jekyll-archives),yes,200,4,yes,no,"noindex, follow",https://thedead91.github.io/tags/morcel-nougat/,Tag: Morcel Nougat | TheDead91,All 3 write-ups tagged Morcel Nougat in the SANS Holiday Hack Challenge series.,,,,,,,,,,,,,REMOVED from sitemap (was a navigational duplicate),no impressions
https://thedead91.github.io/tags/na-an/,tag-archive,generated (jekyll-archives),yes,200,2,yes,no,"noindex, follow",https://thedead91.github.io/tags/na-an/,Tag: Na'an | TheDead91,All 1 write-up tagged Na’an in the SANS Holiday Hack Challenge series.,,,,,,,,,,,,,REMOVED from sitemap (was a navigational duplicate),no impressions
https://thedead91.github.io/tags/neighborhood-watch-bypass/,tag-archive,generated (jekyll-archives),yes,200,2,yes,no,"noindex, follow",https://thedead91.github.io/tags/neighborhood-watch-bypass/,Tag: Neighborhood Watch Bypass | TheDead91,All 1 write-up tagged Neighborhood Watch Bypass in the SANS Holiday Hack Challenge series.,,,,,,,,,,,,,REMOVED from sitemap (was a navigational duplicate),no impressions
https://thedead91.github.io/tags/noel-boetie/,tag-archive,generated (jekyll-archives),yes,200,2,yes,no,"noindex, follow",https://thedead91.github.io/tags/noel-boetie/,Tag: Noel Boetie | TheDead91,All 1 write-up tagged Noel Boetie in the SANS Holiday Hack Challenge series.,,,,,,,,,,,,,REMOVED from sitemap (was a navigational duplicate),no impressions
https://thedead91.github.io/tags/on-the-wire/,tag-archive,generated (jekyll-archives),yes,200,2,yes,no,"noindex, follow",https://thedead91.github.io/tags/on-the-wire/,Tag: On the Wire | TheDead91,All 1 write-up tagged On the Wire in the SANS Holiday Hack Challenge series.,,,,,,,,,,,,,REMOVED from sitemap (was a navigational duplicate),no impressions
https://thedead91.github.io/tags/owner/,tag-archive,generated (jekyll-archives),yes,200,2,yes,no,"noindex, follow",https://thedead91.github.io/tags/owner/,Tag: Owner | TheDead91,All 1 write-up tagged Owner in the SANS Holiday Hack Challenge series.,,,,,,,,,,,,,REMOVED from sitemap (was a navigational duplicate),no impressions
https://thedead91.github.io/tags/phish-detection-agency/,tag-archive,generated (jekyll-archives),yes,200,2,yes,no,"noindex, follow",https://thedead91.github.io/tags/phish-detection-agency/,Tag: Phish Detection Agency | TheDead91,All 1 write-up tagged Phish Detection Agency in the SANS Holiday Hack Challenge series.,,,,,,,,,,,,,REMOVED from sitemap (was a navigational duplicate),no impressions
https://thedead91.github.io/tags/piney-sappington/,tag-archive,generated (jekyll-archives),yes,200,3,yes,no,"noindex, follow",https://thedead91.github.io/tags/piney-sappington/,Tag: Piney Sappington | TheDead91,All 2 write-ups tagged Piney Sappington in the SANS Holiday Hack Challenge series.,,,,,,,,,,,,,REMOVED from sitemap (was a navigational duplicate),no impressions
https://thedead91.github.io/tags/poinsettia-mcmittens/,tag-archive,generated (jekyll-archives),yes,200,4,yes,no,"noindex, follow",https://thedead91.github.io/tags/poinsettia-mcmittens/,Tag: Poinsettia McMittens | TheDead91,All 3 write-ups tagged Poinsettia McMittens in the SANS Holiday Hack Challenge series.,,,,,,,,,,,,,REMOVED from sitemap (was a navigational duplicate),no impressions
https://thedead91.github.io/tags/powershell/,tag-archive,generated (jekyll-archives),yes,200,2,yes,no,"noindex, follow",https://thedead91.github.io/tags/powershell/,Tag: PowerShell | TheDead91,All 1 write-up tagged PowerShell in the SANS Holiday Hack Challenge series.,,,,,,,,,,,,,REMOVED from sitemap (was a navigational duplicate),no impressions
https://thedead91.github.io/tags/prologue/,tag-archive,generated (jekyll-archives),yes,200,4,yes,no,"noindex, follow",https://thedead91.github.io/tags/prologue/,Tag: prologue | TheDead91,All 3 write-ups tagged prologue in the SANS Holiday Hack Challenge series.,,,,,,,,,,,,,REMOVED from sitemap (was a navigational duplicate),no impressions
https://thedead91.github.io/tags/quantgnome-leap/,tag-archive,generated (jekyll-archives),yes,200,2,yes,no,"noindex, follow",https://thedead91.github.io/tags/quantgnome-leap/,Tag: Quantgnome Leap | TheDead91,All 1 write-up tagged Quantgnome Leap in the SANS Holiday Hack Challenge series.,,,,,,,,,,,,,REMOVED from sitemap (was a navigational duplicate),no impressions
https://thedead91.github.io/tags/reportinator/,tag-archive,generated (jekyll-archives),yes,200,2,yes,no,"noindex, follow",https://thedead91.github.io/tags/reportinator/,Tag: Reportinator | TheDead91,All 1 write-up tagged Reportinator in the SANS Holiday Hack Challenge series.,,,,,,,,,,,,,REMOVED from sitemap (was a navigational duplicate),no impressions
https://thedead91.github.io/tags/retro-recovery/,tag-archive,generated (jekyll-archives),yes,200,2,yes,no,"noindex, follow",https://thedead91.github.io/tags/retro-recovery/,Tag: Retro Recovery | TheDead91,All 1 write-up tagged Retro Recovery in the SANS Holiday Hack Challenge series.,,,,,,,,,,,,,REMOVED from sitemap (was a navigational duplicate),no impressions
https://thedead91.github.io/tags/ribb-bonbowford/,tag-archive,generated (jekyll-archives),yes,200,6,yes,no,"noindex, follow",https://thedead91.github.io/tags/ribb-bonbowford/,Tag: Ribb Bonbowford | TheDead91,All 5 write-ups tagged Ribb Bonbowford in the SANS Holiday Hack Challenge series.,,,,,,,,,,,,,REMOVED from sitemap (was a navigational duplicate),no impressions
https://thedead91.github.io/tags/rogue-gnome-identity-provider/,tag-archive,generated (jekyll-archives),yes,200,2,yes,no,"noindex, follow",https://thedead91.github.io/tags/rogue-gnome-identity-provider/,Tag: Rogue Gnome Identity Provider | TheDead91,All 1 write-up tagged Rogue Gnome Identity Provider in the SANS Holiday Hack Challenge series.,,,,,,,,,,,,,REMOVED from sitemap (was a navigational duplicate),no impressions
https://thedead91.github.io/tags/rose-mold/,tag-archive,generated (jekyll-archives),yes,200,2,yes,no,"noindex, follow",https://thedead91.github.io/tags/rose-mold/,Tag: Rose Mold | TheDead91,All 1 write-up tagged Rose Mold in the SANS Holiday Hack Challenge series.,,,,,,,,,,,,,REMOVED from sitemap (was a navigational duplicate),no impressions
https://thedead91.github.io/tags/sans-holiday-hack-challenge-2023/,tag-archive,generated (jekyll-archives),yes,200,27,yes,no,"noindex, follow",https://thedead91.github.io/tags/sans-holiday-hack-challenge-2023/,Tag: SANS Holiday Hack Challenge 2023 | TheDead91,All 26 write-ups tagged SANS Holiday Hack Challenge 2023 in the SANS Holiday Hack Challenge series.,,,,,,,,,,,,,REMOVED from sitemap (was a navigational duplicate),no impressions
https://thedead91.github.io/tags/sans-holiday-hack-challenge-2024/,tag-archive,generated (jekyll-archives),yes,200,22,yes,no,"noindex, follow",https://thedead91.github.io/tags/sans-holiday-hack-challenge-2024/,Tag: SANS Holiday Hack Challenge 2024 | TheDead91,All 21 write-ups tagged SANS Holiday Hack Challenge 2024 in the SANS Holiday Hack Challenge series.,,,,,,,,,,,,,REMOVED from sitemap (was a navigational duplicate),no impressions
https://thedead91.github.io/tags/sans-holiday-hack-challenge-2025/,tag-archive,generated (jekyll-archives),yes,200,27,yes,no,"noindex, follow",https://thedead91.github.io/tags/sans-holiday-hack-challenge-2025/,Tag: SANS Holiday Hack Challenge 2025 | TheDead91,All 26 write-ups tagged SANS Holiday Hack Challenge 2025 in the SANS Holiday Hack Challenge series.,,,,,,,,,,,,,REMOVED from sitemap (was a navigational duplicate),no impressions
https://thedead91.github.io/tags/santa-s-gift-tracking-service-port-mystery/,tag-archive,generated (jekyll-archives),yes,200,2,yes,no,"noindex, follow",https://thedead91.github.io/tags/santa-s-gift-tracking-service-port-mystery/,Tag: Santa's Gift-Tracking Service Port Mystery | TheDead91,All 1 write-up tagged Santa’s Gift-Tracking Service Port Mystery in the SANS Holiday Hack Challenge series.,,,,,,,,,,,,,REMOVED from sitemap (was a navigational duplicate),no impressions
https://thedead91.github.io/tags/santa-vision-a/,tag-archive,generated (jekyll-archives),yes,200,2,yes,no,"noindex, follow",https://thedead91.github.io/tags/santa-vision-a/,Tag: Santa Vision A | TheDead91,All 1 write-up tagged Santa Vision A in the SANS Holiday Hack Challenge series.,,,,,,,,,,,,,REMOVED from sitemap (was a navigational duplicate),no impressions
https://thedead91.github.io/tags/santa-vision-b/,tag-archive,generated (jekyll-archives),yes,200,2,yes,no,"noindex, follow",https://thedead91.github.io/tags/santa-vision-b/,Tag: Santa Vision B | TheDead91,All 1 write-up tagged Santa Vision B in the SANS Holiday Hack Challenge series.,,,,,,,,,,,,,REMOVED from sitemap (was a navigational duplicate),no impressions
https://thedead91.github.io/tags/santa-vision-c/,tag-archive,generated (jekyll-archives),yes,200,2,yes,no,"noindex, follow",https://thedead91.github.io/tags/santa-vision-c/,Tag: Santa Vision C | TheDead91,All 1 write-up tagged Santa Vision C in the SANS Holiday Hack Challenge series.,,,,,,,,,,,,,REMOVED from sitemap (was a navigational duplicate),no impressions
https://thedead91.github.io/tags/santa-vision-d/,tag-archive,generated (jekyll-archives),yes,200,2,yes,no,"noindex, follow",https://thedead91.github.io/tags/santa-vision-d/,Tag: Santa Vision D | TheDead91,All 1 write-up tagged Santa Vision D in the SANS Holiday Hack Challenge series.,,,,,,,,,,,,,REMOVED from sitemap (was a navigational duplicate),no impressions
https://thedead91.github.io/tags/santa-vision/,tag-archive,generated (jekyll-archives),yes,200,5,yes,no,"noindex, follow",https://thedead91.github.io/tags/santa-vision/,Tag: Santa Vision | TheDead91,All 4 write-ups tagged Santa Vision in the SANS Holiday Hack Challenge series.,,,,,,,,,,,,,REMOVED from sitemap (was a navigational duplicate),no impressions
https://thedead91.github.io/tags/schr%C3%B6dinger-s-scope/,tag-archive,generated (jekyll-archives),yes,200,2,yes,no,"noindex, follow",https://thedead91.github.io/tags/schr%C3%B6dinger-s-scope/,Tag: Schrödinger's Scope | TheDead91,All 1 write-up tagged Schrödinger’s Scope in the SANS Holiday Hack Challenge series.,,,,,,,,,,,,,REMOVED from sitemap (was a navigational duplicate),no impressions
https://thedead91.github.io/tags/shifty-mcshuffles/,tag-archive,generated (jekyll-archives),yes,200,2,yes,no,"noindex, follow",https://thedead91.github.io/tags/shifty-mcshuffles/,Tag: Shifty McShuffles | TheDead91,All 1 write-up tagged Shifty McShuffles in the SANS Holiday Hack Challenge series.,,,,,,,,,,,,,REMOVED from sitemap (was a navigational duplicate),no impressions
https://thedead91.github.io/tags/snow-maggedon/,tag-archive,generated (jekyll-archives),yes,200,22,yes,no,"noindex, follow",https://thedead91.github.io/tags/snow-maggedon/,Tag: Snow-maggedon | TheDead91,All 21 write-ups tagged Snow-maggedon in the SANS Holiday Hack Challenge series.,,,,,,,,,,,,,REMOVED from sitemap (was a navigational duplicate),no impressions
https://thedead91.github.io/tags/snowball-fight/,tag-archive,generated (jekyll-archives),yes,200,2,yes,no,"noindex, follow",https://thedead91.github.io/tags/snowball-fight/,Tag: Snowball Fight | TheDead91,All 1 write-up tagged Snowball Fight in the SANS Holiday Hack Challenge series.,,,,,,,,,,,,,REMOVED from sitemap (was a navigational duplicate),no impressions
https://thedead91.github.io/tags/snowball-showdown/,tag-archive,generated (jekyll-archives),yes,200,2,yes,no,"noindex, follow",https://thedead91.github.io/tags/snowball-showdown/,Tag: Snowball Showdown | TheDead91,All 1 write-up tagged Snowball Showdown in the SANS Holiday Hack Challenge series.,,,,,,,,,,,,,REMOVED from sitemap (was a navigational duplicate),no impressions
https://thedead91.github.io/tags/snowblind-ambush/,tag-archive,generated (jekyll-archives),yes,200,2,yes,no,"noindex, follow",https://thedead91.github.io/tags/snowblind-ambush/,Tag: Snowblind Ambush | TheDead91,All 1 write-up tagged Snowblind Ambush in the SANS Holiday Hack Challenge series.,URL is unknown to Google,NEUTRAL,ROBOTS_TXT_STATE_UNSPECIFIED,PAGE_FETCH_STATE_UNSPECIFIED,,,,,,,,,REMOVED from sitemap (was a navigational duplicate),not discovered by Google; no impressions
https://thedead91.github.io/tags/snowcat-rce-priv-esc/,tag-archive,generated (jekyll-archives),yes,200,2,yes,no,"noindex, follow",https://thedead91.github.io/tags/snowcat-rce-priv-esc/,Tag: Snowcat RCE & Priv Esc | TheDead91,All 1 write-up tagged Snowcat RCE &amp; Priv Esc in the SANS Holiday Hack Challenge series.,,,,,,,,,,,,,REMOVED from sitemap (was a navigational duplicate),no impressions
https://thedead91.github.io/tags/space-island-door-access-speaker/,tag-archive,generated (jekyll-archives),yes,200,2,yes,no,"noindex, follow",https://thedead91.github.io/tags/space-island-door-access-speaker/,Tag: Space Island Door Access Speaker | TheDead91,All 1 write-up tagged Space Island Door Access Speaker in the SANS Holiday Hack Challenge series.,,,,,,,,,,,,,REMOVED from sitemap (was a navigational duplicate),no impressions
https://thedead91.github.io/tags/spare-key/,tag-archive,generated (jekyll-archives),yes,200,3,yes,no,"noindex, follow",https://thedead91.github.io/tags/spare-key/,Tag: Spare Key | TheDead91,All 2 write-ups tagged Spare Key in the SANS Holiday Hack Challenge series.,,,,,,,,,,,,,REMOVED from sitemap (was a navigational duplicate),no impressions
https://thedead91.github.io/tags/sparkle-redberry/,tag-archive,generated (jekyll-archives),yes,200,3,yes,no,"noindex, follow",https://thedead91.github.io/tags/sparkle-redberry/,Tag: Sparkle Redberry | TheDead91,All 2 write-ups tagged Sparkle Redberry in the SANS Holiday Hack Challenge series.,,,,,,,,,,,,,REMOVED from sitemap (was a navigational duplicate),no impressions
https://thedead91.github.io/tags/super-honorable-mention/,tag-archive,generated (jekyll-archives),yes,200,3,yes,no,"noindex, follow",https://thedead91.github.io/tags/super-honorable-mention/,Tag: Super Honorable Mention | TheDead91,All 2 write-ups tagged Super Honorable Mention in the SANS Holiday Hack Challenge series.,,,,,,,,,,,,,REMOVED from sitemap (was a navigational duplicate),no impressions
https://thedead91.github.io/tags/tangle-coalbox/,tag-archive,generated (jekyll-archives),yes,200,2,yes,no,"noindex, follow",https://thedead91.github.io/tags/tangle-coalbox/,Tag: Tangle Coalbox | TheDead91,All 1 write-up tagged Tangle Coalbox in the SANS Holiday Hack Challenge series.,,,,,,,,,,,,,REMOVED from sitemap (was a navigational duplicate),no impressions
https://thedead91.github.io/tags/the-captain-s-comms/,tag-archive,generated (jekyll-archives),yes,200,2,yes,no,"noindex, follow",https://thedead91.github.io/tags/the-captain-s-comms/,Tag: The Captain's Comms | TheDead91,All 1 write-up tagged The Captain’s Comms in the SANS Holiday Hack Challenge series.,,,,,,,,,,,,,REMOVED from sitemap (was a navigational duplicate),no impressions
https://thedead91.github.io/tags/tinsel-upatree/,tag-archive,generated (jekyll-archives),yes,200,2,yes,no,"noindex, follow",https://thedead91.github.io/tags/tinsel-upatree/,Tag: Tinsel Upatree | TheDead91,All 1 write-up tagged Tinsel Upatree in the SANS Holiday Hack Challenge series.,,,,,,,,,,,,,REMOVED from sitemap (was a navigational duplicate),no impressions
https://thedead91.github.io/tags/visual-firewall-thinger/,tag-archive,generated (jekyll-archives),yes,200,2,yes,no,"noindex, follow",https://thedead91.github.io/tags/visual-firewall-thinger/,Tag: Visual Firewall Thinger | TheDead91,All 1 write-up tagged Visual Firewall Thinger in the SANS Holiday Hack Challenge series.,,,,,,,,,,,,,REMOVED from sitemap (was a navigational duplicate),no impressions
https://thedead91.github.io/tags/visual-networking-thinger/,tag-archive,generated (jekyll-archives),yes,200,2,yes,no,"noindex, follow",https://thedead91.github.io/tags/visual-networking-thinger/,Tag: Visual Networking Thinger | TheDead91,All 1 write-up tagged Visual Networking Thinger in the SANS Holiday Hack Challenge series.,,,,,,,,,,,,,REMOVED from sitemap (was a navigational duplicate),no impressions
https://thedead91.github.io/tags/wombley-cube/,tag-archive,generated (jekyll-archives),yes,200,2,yes,no,"noindex, follow",https://thedead91.github.io/tags/wombley-cube/,Tag: Wombley Cube | TheDead91,All 1 write-up tagged Wombley Cube in the SANS Holiday Hack Challenge series.,,,,,,,,,,,,,REMOVED from sitemap (was a navigational duplicate),no impressions
